,Price,Desc,Mls,PricesL,All,Type,Date
0,£2.20,Aspall Premier Cru Dry Cyder,b'',b'',b'Aspall Premier Cru Dry Cyder 500ml \xc2\xa32.20/unit \xc2\xa34.40/ltr',Cider,2021-02-28
1,£2.00,Henry Westons Vintage Cider,b'',b'',b'Henry Westons Vintage Cider 500ml \xc2\xa32.00/unit \xc2\xa34.00/ltr',Cider,2021-02-28
2,£1.80,Kopparberg Strawberry & Lime Cider,b'',b'',b'Kopparberg Strawberry & Lime Cider 500ml \xc2\xa31.80/unit \xc2\xa33.60/ltr',Cider,2021-02-28
3,£2.20,Aspall Draught Cyder,b'',b'',b'Aspall Draught Cyder 500ml \xc2\xa32.20/unit \xc2\xa34.40/ltr',Cider,2021-02-28
4,£2.50,Sainsbury's Original Dry Cider,b'',b'',"b""Sainsbury's Original Dry Cider 2L \xc2\xa32.50/unit \xc2\xa31.25/ltr""",Cider,2021-02-28
5,£1.80,Kopparberg Mixed Fruit Cider,b'',b'',b'Kopparberg Mixed Fruit Cider 500ml \xc2\xa31.80/unit \xc2\xa33.60/ltr',Cider,2021-02-28
6,£12.00,Strongbow Original Cider Cans,b'',b'',b'Strongbow Original Cider Cans 18 x 440ml \xc2\xa312.00/unit \xc2\xa31.52/ltr',Cider,2021-02-28
7,£2.20,Sainsbury's Original Dry Cider,b'',b'',"b""Sainsbury's Original Dry Cider 4x440ml \xc2\xa32.20/unit \xc2\xa31.25/ltr""",Cider,2021-02-28
8,£1.90,Frome Valley Dry Cider,b'',b'',b'Frome Valley Dry Cider 500ml \xc2\xa31.90/unit \xc2\xa33.80/ltr',Cider,2021-02-28
9,£4.25,Thatchers Gold Cider,b'',b'',b'Thatchers Gold Cider 4x440ml \xc2\xa34.25/unit \xc2\xa32.41/ltr',Cider,2021-02-28
10,£1.80,Old Mout Cider Kiwi & Lime Bottle,b'',b'',b'Old Mout Cider Kiwi & Lime Bottle 500ml \xc2\xa31.80/unit \xc2\xa33.60/ltr',Cider,2021-02-28
11,£10.00,Strongbow Dark Fruit Cider Cans,b'',b'',b'Strongbow Dark Fruit Cider Cans 10 x 440ml \xc2\xa310.00/unit \xc2\xa32.27/ltr',Cider,2021-02-28
12,£3.75,Symonds Scrumpy Jack Premium British Cider Cans,b'',b'',b'Symonds Scrumpy Jack Premium British Cider Cans 4 x 440ml \xc2\xa33.75/unit \xc2\xa32.13/ltr',Cider,2021-02-28
13,£12.00,Kopparberg Mixed Fruit Cider,b'',b'',b'Kopparberg Mixed Fruit Cider 10x330ml \xc2\xa312.00/unit \xc2\xa33.64/ltr',Cider,2021-02-28
14,£5.00,Kopparberg Mixed Fruit Cider,b'',b'',b'Kopparberg Mixed Fruit Cider 4x330ml \xc2\xa35.00/unit \xc2\xa33.79/ltr',Cider,2021-02-28
15,£9.00,Thatchers Gold Cider,b'',b'',b'Thatchers Gold Cider 10x440ml \xc2\xa39.00/unit \xc2\xa32.05/ltr',Cider,2021-02-28
16,£1.80,Kopparberg Pear Premium Cider,b'',b'',b'Kopparberg Pear Premium Cider 500ml \xc2\xa31.80/unit \xc2\xa33.60/ltr',Cider,2021-02-28
17,£1.90,Thatchers Gold Cider,b'\x00]\x1d\xbf\xea\x00\x01',b'\x00u\x1cW\xea\x00\x1c',b'Thatchers Gold Cider 500ml \xc2\xa31.90/unit \xc2\xa33.80/ltr',Cider,2021-02-28
18,£2.20,Thatchers Katy Cider,b'\x00\x80pE\xef\xda\xff',b'\x00\x801\x0b0\t\x06',b'Thatchers Katy Cider 500ml \xc2\xa32.20/unit \xc2\xa34.40/ltr',Cider,2021-02-28
19,£7.00,Bulmers Original Cider Bottles,b'\x7f',b'\x03U\x04\x06\x0c\x02c',b'Bulmers Original Cider Bottles 8 x 500ml \xc2\xa37.00/unit \xc2\xa31.75/ltr',Cider,2021-02-28
20,£3.50,Strongbow Original Cider Cans,b'',b'h1\x100\x0e\x06\x03',b'Strongbow Original Cider Cans 4 x 440ml \xc2\xa33.50/unit \xc2\xa31.99/ltr',Cider,2021-02-28
21,£1.80,Healey's Cornish Rattler Cyder,b'',b'U\x04\n\x0c\x07wi',"b""Healey's Cornish Rattler Cyder 500ml \xc2\xa31.80/unit \xc2\xa33.60/ltr""",Cider,2021-02-28
22,£4.75,Kopparberg Pear Cider,b'\x00\x00\x00\x00\x00\x00\x01',"b'sekey1""'",b'Kopparberg Pear Cider 4x440ml \xc2\xa34.75/unit \xc2\xa32.70/ltr',Cider,2021-02-28
23,£1.75,"Sainsbury's Vintage Cider, Taste the Difference",b'\x00\x00\x00\x01',b'0 \x06\x03U\x04\x0b',"b""Sainsbury's Vintage Cider, Taste the Difference 500ml \xc2\xa31.75/unit \xc2\xa33.50/ltr""",Cider,2021-02-28
24,£1.30,Sainsbury's Medium Dry Low Alcohol Apple Cider,b'',b'\x0c\x19oiste',"b""Sainsbury's Medium Dry Low Alcohol Apple Cider 500ml \xc2\xa31.30/unit \xc2\xa32.60/ltr""",Cider,2021-02-28
25,£5.00,Kopparberg Strawberry & Lime Cider,b'\x00\xff\xff\xff\xff',b' founda',b'Kopparberg Strawberry & Lime Cider 4x330ml \xc2\xa35.00/unit \xc2\xa33.79/ltr',Cider,2021-02-28
26,£4.00,Thatchers Haze Cloudy Cider,b'\x00\x00\x90\xcc\xc08',b'tion en',b'Thatchers Haze Cloudy Cider 4x440ml \xc2\xa34.00/unit \xc2\xa32.27/ltr',Cider,2021-02-28
27,£1.80,Old Mout Cider Berries & Cherries Bottle,b'',b'dorsed1',b'Old Mout Cider Berries & Cherries Bottle 500ml \xc2\xa31.80/unit \xc2\xa33.60/ltr',Cider,2021-02-28
28,£1.00,Bulmers Original Cider Bottle,b'',b'(0&\x06\x03U\x04',b'Bulmers Original Cider Bottle 500ml Only \xc2\xa31.00: Save 50p \xc2\xa31.00/unit \xc2\xa32.00/ltr',Cider,2021-02-28
29,£2.00,Thatchers Vintage Cider,b'',b'\x03\x0c\x1foist',b'Thatchers Vintage Cider 500ml \xc2\xa32.00/unit \xc2\xa34.00/ltr',Cider,2021-02-28
30,£7.00,Bulmers Crushed Red Berries & Lime Cider Bottles,b'',b'e wisek',b'Bulmers Crushed Red Berries & Lime Cider Bottles 6 x 500ml \xc2\xa37.00/unit \xc2\xa32.33/ltr',Cider,2021-02-28
31,£4.50,Strongbow Dark Fruit Cider Cans,b'',b'ey glob',b'Strongbow Dark Fruit Cider Cans 4 x 440ml \xc2\xa34.50/unit \xc2\xa32.56/ltr',Cider,2021-02-28
32,£1.30,Kopparberg Pear Alcohol Free Cider,b'P',b'al root',b'Kopparberg Pear Alcohol Free Cider 500ml \xc2\xa31.30/unit \xc2\xa32.60/ltr',Cider,2021-02-28
33,£3.75,Magners Irish Cider Original Cans,b'',b' gc ca',b'Magners Irish Cider Original Cans 4x440ml \xc2\xa33.75/unit \xc2\xa32.13/ltr',Cider,2021-02-28
34,£9.00,Thatchers Haze Cloudy Somerset Cider,b'\x00\x00\x90k\xba8',b'\x00\x00P\x12\xba8',b'Thatchers Haze Cloudy Somerset Cider 10x440ml \xc2\xa39.00/unit \xc2\xa32.05/ltr',Cider,2021-02-28
35,£1.80,Old Mout Cider Pineapple & Raspberry Bottle,b'\x00\x00\x00\xa5\x1d\xa7\xea',b'\x00\x00\x00}\x1c_\xea',b'Old Mout Cider Pineapple & Raspberry Bottle 500ml \xc2\xa31.80/unit \xc2\xa33.60/ltr',Cider,2021-02-28
36,£1.50,Bulmers Crushed Red Berries & Lime Cider Bottle,b'\x00\x02\x00\x80',b'\x00\x1d\x00\x801\x0b0',b'Bulmers Crushed Red Berries & Lime Cider Bottle 500ml \xc2\xa31.50/unit \xc2\xa33.00/ltr',Cider,2021-02-28
37,£1.00,Strongbow Rose Cider,b'',b'\t\x06\x03U\x04\x06\x0c',b'Strongbow Rose Cider 500ml Only \xc2\xa31.00: Save 80p \xc2\xa31.00/unit \xc2\xa32.00/ltr',Cider,2021-02-28
38,£9.00,Henry Westons Vintage Cider,b'',b'\x02ch1\x100\x0e',b'Henry Westons Vintage Cider 6x500ml \xc2\xa39.00/unit \xc2\xa33.00/ltr',Cider,2021-02-28
39,£1.30,Kopparberg Strawberry & Lime Alcohol Free Cider,b'',b'\x06\x03U\x04\n\x0c\x07',b'Kopparberg Strawberry & Lime Alcohol Free Cider 500ml \xc2\xa31.30/unit \xc2\xa32.60/ltr',Cider,2021-02-28
40,£1.80,Kopparberg Rhubarb Cider,b'',b'wisekey',b'Kopparberg Rhubarb Cider 500ml \xc2\xa31.80/unit \xc2\xa33.60/ltr',Cider,2021-02-28
41,£10.00,Strongbow Original Cider Can,b'',"b'1""0 \x06\x03U'",b'Strongbow Original Cider Can 12x440ml \xc2\xa310.00/unit \xc2\xa31.89/ltr',Cider,2021-02-28
42,£3.75,Sainsbury's Dark Fruit Cider,b'',b'\x04\x0b\x0c\x19ois',"b""Sainsbury's Dark Fruit Cider 4x440ml \xc2\xa33.75/unit \xc2\xa32.13/ltr""",Cider,2021-02-28
43,£5.50,Thatchers Rosé Sweet Sparkling Somerset Cider,b'',b'te foun',b'Thatchers Ros\xc3\xa9 Sweet Sparkling Somerset Cider 4x440ml \xc2\xa35.50/unit \xc2\xa33.13/ltr',Cider,2021-02-28
44,£3.50,Kopparberg Mixed Fruits Alcohol Free Cider,b'',b'dation ',b'Kopparberg Mixed Fruits Alcohol Free Cider 4x330ml \xc2\xa33.50/unit \xc2\xa32.65/ltr',Cider,2021-02-28
45,£1.25,Old Mout Berries & Cherries Alcohol Free Cider,b'',b'endorse',b'Old Mout Berries & Cherries Alcohol Free Cider 500ml \xc2\xa31.25/unit \xc2\xa32.50/ltr',Cider,2021-02-28
46,£9.00,Strongbow Cloudy Apple,b'',b'd1(0&\x06\x03',b'Strongbow Cloudy Apple 10x440ml \xc2\xa39.00/unit \xc2\xa32.05/ltr',Cider,2021-02-28
47,£1.90,Thatchers Rascal Cider,b'',b'U\x04\x03\x0c\x1foi',b'Thatchers Rascal Cider 500ml \xc2\xa31.90/unit \xc2\xa33.80/ltr',Cider,2021-02-28
48,£2.50,Aspall Imperial Cyder,b'',b'ste wis',b'Aspall Imperial Cyder 500ml \xc2\xa32.50/unit \xc2\xa35.00/ltr',Cider,2021-02-28
49,£1.80,Kopparberg Premium Cider with Cherry,b'',b'ekey gl',b'Kopparberg Premium Cider with Cherry 500ml \xc2\xa31.80/unit \xc2\xa33.60/ltr',Cider,2021-02-28
50,£10.00,Strongbow Rose Cider,b'',b'obal ro',b'Strongbow Rose Cider 10x440ml Only \xc2\xa310.00: Save \xc2\xa31.00 \xc2\xa310.00/unit \xc2\xa32.27/ltr',Cider,2021-02-28
51,£2.10,Sxollie Granny Smith Cider,b'',b'ot gc c',b'Sxollie Granny Smith Cider 500ml \xc2\xa32.10/unit \xc2\xa34.20/ltr',Cider,2021-02-28
52,£2.10,Dunkertons Organic Black Fox Medium Dry Cider,b'',b'a\x00\x00\x00\xf0\x8c\xb7',b'Dunkertons Organic Black Fox Medium Dry Cider 500ml \xc2\xa32.10/unit \xc2\xa34.20/ltr',Cider,2021-02-28
53,£1.90,Kopparberg Rose Cider,b'\x00\x00\x00\x00\x00\xad\x1d',b'8\x00\x00\x00\x00E\x1c',b'Kopparberg Rose Cider 500ml \xc2\xa31.90/unit \xc2\xa33.80/ltr',Cider,2021-02-28
54,£7.00,Henry Westons Vintage Cider,b'\xaf\xea\x00\x03\x00\x80',b'G\xea\x00\x1e\x00\x80\x80',b'Henry Westons Vintage Cider 4x500ml \xc2\xa37.00/unit \xc2\xa33.50/ltr',Cider,2021-02-28
55,£3.50,Kopparberg Strawberry & Lime Alcohol Free Cider,b'',b'-\xef\xda\xff\x7f',b'Kopparberg Strawberry & Lime Alcohol Free Cider 4x330ml \xc2\xa33.50/unit \xc2\xa32.65/ltr',Cider,2021-02-28
56,£5.50,Thatchers Cloudy Lemon Cider,b'',b'',b'Thatchers Cloudy Lemon Cider 4x440ml \xc2\xa35.50/unit \xc2\xa33.13/ltr',Cider,2021-02-28
57,£12.00,Thatchers Rosé,b'',b'',b'Thatchers Ros\xc3\xa9 10x440ml \xc2\xa312.00/unit \xc2\xa32.73/ltr',Cider,2021-02-28
58,£2.10,Sxollie Golden Delicious Cider,b'',b'',b'Sxollie Golden Delicious Cider 500ml \xc2\xa32.10/unit \xc2\xa34.20/ltr',Cider,2021-02-28
59,£3.75,Strongbow Cloudy Apple Cider,b'',b'',b'Strongbow Cloudy Apple Cider 440ml Can \xc2\xa33.75/unit \xc2\xa32.13/ltr',Cider,2021-02-28
0,£10.00,Bud Light Lager Beer cans,b'',b'',b'Bud Light Lager Beer cans 18x440ml Only \xc2\xa310.00: Save \xc2\xa35.00 \xc2\xa310.00/unit \xc2\xa31.26/ltr',Lager,2021-02-28
1,£4.50,Hop House,b'',b'',b'Hop House 13 Lager 4x330ml Only \xc2\xa34.50: Save 50p \xc2\xa34.50/unit \xc2\xa33.41/ltr',Lager,2021-02-28
2,£16.00,Stella Artois Premium Lager Beer Cans,b'\x00\x00\x01',b'',b'Stella Artois Premium Lager Beer Cans 18x440ml \xc2\xa316.00/unit \xc2\xa32.02/ltr',Lager,2021-02-28
3,£8.00,Budweiser Lager Beer Bottles,b'',b'',b'Budweiser Lager Beer Bottles 15x300ml Only \xc2\xa38.00: Save \xc2\xa34.00 \xc2\xa38.00/unit \xc2\xa31.78/ltr',Lager,2021-02-28
4,£16.50,Peroni Nastro Azzurro Lager,b'\x00\x00\x00\x00H\x07',b'',b'Peroni Nastro Azzurro Lager 12x330ml \xc2\xa316.50/unit \xc2\xa34.17/ltr',Lager,2021-02-28
5,£13.00,Foster's Lager Beer Cans,b'',b'',"b""Foster's Lager Beer Cans 18 x 440ml \xc2\xa313.00/unit \xc2\xa31.64/ltr""",Lager,2021-02-28
6,£2.50,Corona Extra Premium Lager Beer Bottles,b'',b'',b'Corona Extra Premium Lager Beer Bottles 12x330ml Only \xc2\xa310.00: Save \xc2\xa33.00 \xc2\xa310.00/unit \xc2\xa32.52/ltr -',Lager,2021-02-28
7,£9.50,Stella Artois Premium Lager Beer Bottles,b'',b'',b'Stella Artois Premium Lager Beer Bottles 15x284ml Only \xc2\xa39.50: Save \xc2\xa31.50 \xc2\xa39.50/unit \xc2\xa32.23/ltr',Lager,2021-02-28
8,£11.00,Kronenbourg,b'',b'',b'Kronenbourg 1664 Lager Beer Bottles 15 x 275ml \xc2\xa311.00/unit \xc2\xa32.67/ltr',Lager,2021-02-28
9,£9.00,San Miguel Especial Premium Lager Bottles,b'',b'',b'San Miguel Especial Premium Lager Bottles 12x330ml Only \xc2\xa39.00: Save \xc2\xa33.00 \xc2\xa39.00/unit \xc2\xa32.27/ltr',Lager,2021-02-28
10,£16.00,Budweiser Lager Beer Cans,b'\x00\x00\x11\xe0',b'',b'Budweiser Lager Beer Cans 18x440ml \xc2\xa316.00/unit \xc2\xa32.02/ltr',Lager,2021-02-28
11,£2.50,Carling Original Lager Beer Cans x,b'\x00\x00\x00H\r',b'',b'Carling Original Lager Beer Cans x18 440ml \xc2\xa313.00/unit \xc2\xa31.64/ltr - Quantity + Add X-SELL \xc2\xa32.50/un',Lager,2021-02-28
12,£1.00,Birra Moretti Lager Beer Bottles,b'',b'\x00\x00\x00\x00=\x1c\x1f',b'Birra Moretti Lager Beer Bottles 4 x 330ml \xc2\xa35.00/unit \xc2\xa33.79/ltr - Quantity + Add X-SELL \xc2\xa31.00/uni',Lager,2021-02-28
13,£1.90,Birra Moretti Lager Beer Bottle,b'\x00\x00\x00\x00\x00\x10X',b'\xea\x00\x15\x00\x80pE',b'Birra Moretti Lager Beer Bottle 660ml \xc2\xa31.90/unit \xc2\xa32.88/ltr',Lager,2021-02-28
14,£1.25,Depot No.,b'\xba8\x00\x00\x00\x00\xed',b'\xef\xda\xff\x7f',b'Depot No.90 Lager 4x440ml \xc2\xa31.25/unit 71p/ltr',Lager,2021-02-28
15,£1.00,Peroni Nastro Azzurro Lager,b'\x1d\xef\xea\x00\x0b\x00\x80',b'',b'Peroni Nastro Azzurro Lager 18x330ml \xc2\xa323.00/unit \xc2\xa33.87/ltr - Quantity + Add X-SELL \xc2\xa31.00/unit 67p',Lager,2021-02-28
16,£5.25,Stella Artois Premium Lager Beer Cans,b'',b'',b'Stella Artois Premium Lager Beer Cans 4x568ml \xc2\xa35.25/unit \xc2\xa32.31/ltr',Lager,2021-02-28
17,£11.00,Coors Light Lager Beer Bottles x,b'',b'',b'Coors Light Lager Beer Bottles x15 330ml \xc2\xa311.00/unit \xc2\xa32.22/ltr',Lager,2021-02-28
18,£12.00,Birra Moretti Lager Beer Bottles,b'',b'\x00\x00\x01\x00\x00\x00\x01',b'Birra Moretti Lager Beer Bottles 12 x 330ml Only \xc2\xa312.00: Save \xc2\xa32.00 \xc2\xa312.00/unit \xc2\xa33.03/ltr',Lager,2021-02-28
19,£9.00,Heineken Premium Lager Beer Bottles,b'',b'',b'Heineken Premium Lager Beer Bottles 12x330ml Only \xc2\xa39.00: Save \xc2\xa33.00 \xc2\xa39.00/unit \xc2\xa32.27/ltr',Lager,2021-02-28
20,£5.00,Peroni Nastro Azzurro Lager,b'',b'\x00\x00\x00\x00\xff\xff\xff',b'Peroni Nastro Azzurro Lager 4x330ml Only \xc2\xa35.00: Save 75p \xc2\xa35.00/unit \xc2\xa33.79/ltr',Lager,2021-02-28
21,£16.00,Corona Extra Premium Lager Beer bottles,b'',b'\xff\x00\x00\x00\x00P\xce',b'Corona Extra Premium Lager Beer bottles 18x330ml \xc2\xa316.00/unit \xc2\xa32.69/ltr',Lager,2021-02-28
22,£5.00,Corona Extra Premium Lager Beer bottles,b'',b'\xc08',b'Corona Extra Premium Lager Beer bottles 4x330ml \xc2\xa35.00/unit \xc2\xa33.79/ltr',Lager,2021-02-28
23,£4.50,Kronenbourg,b'',b'',b'Kronenbourg 1664 Lager Beer Cans 4 x 440ml \xc2\xa34.50/unit \xc2\xa32.56/ltr',Lager,2021-02-28
24,£4.00,San Miguel Especial Premium Lager Cans,b'',b'',b'San Miguel Especial Premium Lager Cans 4x440ml \xc2\xa34.00/unit \xc2\xa32.27/ltr',Lager,2021-02-28
25,£1.90,San Miguel Especial Premium Lager Bottle,b'',b'',b'San Miguel Especial Premium Lager Bottle 660ml \xc2\xa31.90/unit \xc2\xa32.88/ltr',Lager,2021-02-28
26,£2.20,Peroni Nastro Azzurro Lager,b'',b'',b'Peroni Nastro Azzurro Lager 620ml \xc2\xa32.20/unit \xc2\xa33.55/ltr',Lager,2021-02-28
27,£5.25,Heineken Premium Lager Beer Cans,b'',b'',b'Heineken Premium Lager Beer Cans 6 x 330ml \xc2\xa35.25/unit \xc2\xa32.65/ltr',Lager,2021-02-28
28,£3.49,Foster's Lager Beer Cans,b'',b'',"b""Foster's Lager Beer Cans 4 x 440ml \xc2\xa33.49/unit \xc2\xa31.98/ltr""",Lager,2021-02-28
29,£4.25,Stella Artois Premium Lager Beer Cans,b'',b'\x00\x00\x00\x00\x00\xc0e',b'Stella Artois Premium Lager Beer Cans 4x440ml \xc2\xa34.25/unit \xc2\xa32.41/ltr',Lager,2021-02-28
30,£4.05,Holsten Pils Lager,b'',b'\xba8\x00\x00\x00\x00\x05',b'Holsten Pils Lager 4x440ml \xc2\xa34.05/unit \xc2\xa32.30/ltr',Lager,2021-02-28
31,£1.50,Sainsbury's Czech Pilsner Lager,b'',b'\x1c\x07\xea\x00\x16\x00\x80',"b""Sainsbury's Czech Pilsner Lager 500ml \xc2\xa31.50/unit \xc2\xa33.00/ltr""",Lager,2021-02-28
32,£14.00,Estrella Damm Lager,b'',b'',b'Estrella Damm Lager 12x330ml \xc2\xa314.00/unit \xc2\xa33.54/ltr',Lager,2021-02-28
33,£1.90,Singha Premium Thai Lager,b'\x00\xf5\x1d\xd7\xea\x00\x0c',b'',b'Singha Premium Thai Lager 630ml \xc2\xa31.90/unit \xc2\xa33.02/ltr',Lager,2021-02-28
34,£4.60,Desperados Tequila Lager Beer Bottles,b'\x00\x801\x0b0\t\x06',b'',b'Desperados Tequila Lager Beer Bottles 3 x 330ml \xc2\xa34.60/unit \xc2\xa34.65/ltr',Lager,2021-02-28
35,£7.50,Carlsberg Special Brew Lager,b'\x03U\x04\x06\x0c\x02i',b'',b'Carlsberg Special Brew Lager 4x440ml \xc2\xa37.50/unit \xc2\xa34.26/ltr',Lager,2021-02-28
36,£1.90,Stella Artois Premium Lager Beer Bottle,b'n1\x130\x11\x06\x03',b'',b'Stella Artois Premium Lager Beer Bottle 660ml \xc2\xa31.90/unit \xc2\xa32.88/ltr',Lager,2021-02-28
37,£1.90,Staropramen Premium Czech Lager,b'U\x04\x0b\x0c\nem',b'',b'Staropramen Premium Czech Lager 660ml \xc2\xa31.90/unit \xc2\xa32.88/ltr',Lager,2021-02-28
38,£13.00,Staropramen Premium Czech Lager,b'sign pk',b'',b'Staropramen Premium Czech Lager 12x330ml \xc2\xa313.00/unit \xc2\xa33.28/ltr',Lager,2021-02-28
39,£1.90,Cobra Premium Beer,b'i1%0#\x06\x03',b'',b'Cobra Premium Beer 620ml \xc2\xa31.90/unit \xc2\xa33.06/ltr',Lager,2021-02-28
40,£3.80,San Miguel Especial Premium Lager Bottles,b'U\x04\n\x0c\x1cem',b'',b'San Miguel Especial Premium Lager Bottles 4x330ml \xc2\xa33.80/unit \xc2\xa32.88/ltr',Lager,2021-02-28
41,£4.50,Beck's German Pilsner Beer Bottles,b'udhra t',b'',"b""Beck's German Pilsner Beer Bottles 6x275ml \xc2\xa34.50/unit \xc2\xa32.73/ltr""",Lager,2021-02-28
42,£1.80,Tiger Beer,b'echnolo',b'',b'Tiger Beer 640ml \xc2\xa31.80/unit \xc2\xa32.81/ltr',Lager,2021-02-28
43,£5.50,Estrella Damm Beer,b'gies li',b'',b'Estrella Damm Beer 4x330ml \xc2\xa35.50/unit \xc2\xa34.17/ltr',Lager,2021-02-28
44,£10.00,Amstel Lager Beer Bottles,b'mited1 ',b'',b'Amstel Lager Beer Bottles 15 x 300ml \xc2\xa310.00/unit \xc2\xa32.22/ltr',Lager,2021-02-28
45,£4.50,Budweiser Lager Beer Bottles,b'0\x1e\x06\x03U\x04\x03',b'',b'Budweiser Lager Beer Bottles 6x300ml \xc2\xa34.50/unit \xc2\xa32.50/ltr',Lager,2021-02-28
46,£1.80,Beck's German Pilsner Beer bottle,b'\x0c\x17emsig',b'',"b""Beck's German Pilsner Beer bottle 660ml \xc2\xa31.80/unit \xc2\xa32.73/ltr""",Lager,2021-02-28
47,£10.00,Hop House,b'n ecc r',b'',b'Hop House 13 Lager 12x330ml Only \xc2\xa310.00: Save \xc2\xa32.00 \xc2\xa310.00/unit \xc2\xa32.52/ltr',Lager,2021-02-28
48,£5.75,Birra Moretti Lager Beer Cans,b'oot ca ',b'',b'Birra Moretti Lager Beer Cans 6 x 330ml \xc2\xa35.75/unit \xc2\xa32.90/ltr',Lager,2021-02-28
49,£3.60,Carling Original Lager Beer Cans x,b'- g3',b'\x00\r\x1c\x0f\xea\x00\x17',b'Carling Original Lager Beer Cans x4 440ml \xc2\xa33.60/unit \xc2\xa32.05/ltr',Lager,2021-02-28
50,£1.80,Heineken Premium Lager Beer Bottle,b'',b'\x00\x80',b'Heineken Premium Lager Beer Bottle 650ml \xc2\xa31.80/unit \xc2\xa32.77/ltr',Lager,2021-02-28
51,£4.00,Budweiser Lager Beer Cans,b'\x00\x00\x00\xfd\x1d\xdf\xea',b'',b'Budweiser Lager Beer Cans 4x440ml \xc2\xa34.00/unit \xc2\xa32.27/ltr',Lager,2021-02-28
52,£1.75,Tsingtao Beer,b'\x00\r\x00\x801\x0b0',b'',b'Tsingtao Beer 640ml Only \xc2\xa31.75: Save 15p \xc2\xa31.75/unit \xc2\xa32.74/ltr',Lager,2021-02-28
53,£2.20,Estrella Damm Lager,b'\t\x06\x03U\x04\x06\x0c',b'',b'Estrella Damm Lager 660ml \xc2\xa32.20/unit \xc2\xa33.33/ltr',Lager,2021-02-28
54,£1.90,Hop House,b'\x02hk1\x120\x10',b'',b'Hop House 13 Lager 650ml \xc2\xa31.90/unit \xc2\xa32.92/ltr',Lager,2021-02-28
55,£7.00,Estrella Damm Lager,b'\x06\x03U\x04\x08\x0c\t',b'',b'Estrella Damm Lager 6x330ml \xc2\xa37.00/unit \xc2\xa33.54/ltr',Lager,2021-02-28
56,£1.90,Warsteiner Beer,b'hong ko',b'',b'Warsteiner Beer 660ml \xc2\xa31.90/unit \xc2\xa32.88/ltr',Lager,2021-02-28
57,£2.75,Sainsbury's Crown Lager,b'ng1\x120\x10\x06',b'',"b""Sainsbury's Crown Lager 4x440ml \xc2\xa32.75/unit \xc2\xa31.56/ltr""",Lager,2021-02-28
58,£4.00,Stella Artois Premium Lager Beer Bottles,b'\x03U\x04\x07\x0c\th',b'',b'Stella Artois Premium Lager Beer Bottles 4x330ml \xc2\xa34.00/unit \xc2\xa33.03/ltr',Lager,2021-02-28
59,£3.75,Amstel Lager Beer Cans,b'ong kon',b'',b'Amstel Lager Beer Cans 4 x 440ml \xc2\xa33.75/unit \xc2\xa32.13/ltr',Lager,2021-02-28
0,£2.90,Hovis Soft Medium Sliced White Bread,b'\x1c',b'',b'Hovis Soft Medium Sliced White Bread 800g \xc2\xa31.09/unit 14p/100g - Quantity + Add X-SELL \xc2\xa32.90/unit \xc2',Bread,2021-02-28
1,£2.00,Warburtons Toastie Thick Sliced White Bread,b'\x00\x00\x00\x00\xa0\xff\x7f',b'',b'Warburtons Toastie Thick Sliced White Bread 800g \xc2\xa31.10/unit 14p/100g - Quantity + Add X-SELL \xc2\xa32.00',Bread,2021-02-28
2,£1.10,Hovis Soft Thick Sliced White Bread,b'\x00\x00\x10c\xbc8',b'',b'Hovis Soft Thick Sliced White Bread 800g \xc2\xa31.10/unit 14p/100g',Bread,2021-02-28
3,£1.35,Warburtons Soft Farmhouse Medium Sliced White Brea,b'\x00\x00\x00\x05\x00\x01\x01',b'',b'Warburtons Soft Farmhouse Medium Sliced White Bread 800g \xc2\xa31.35/unit 17p/100g',Bread,2021-02-28
4,£2.00,Sainsbury's Soft Medium Sliced White Bread,b'\x04',b'',"b""Sainsbury's Soft Medium Sliced White Bread 800g 55p/unit 7p/100g - Quantity + Add X-SELL \xc2\xa32.00/unit""",Bread,2021-02-28
5,£1.10,Warburtons Medium Sliced White Bread,b' ',b'',b'Warburtons Medium Sliced White Bread 800g \xc2\xa31.10/unit 14p/100g',Bread,2021-02-28
6,90p,Kingsmill Soft Medium Sliced White Bread,b'\x00\x00\x00\x00\x00\x00$',b'',b'Kingsmill Soft Medium Sliced White Bread 800g 90p/unit 11p/100g',Bread,2021-02-28
7,85p,Warburtons Toastie Thick Sliced White Bread,b'\x00\x00\x00\xff\x7f',b'',b'Warburtons Toastie Thick Sliced White Bread 400g 85p/unit 21p/100g',Bread,2021-02-28
8,£1.00,Warburtons Lighter Medium Sliced Danish White Brea,b'\x00\x00\x00 ',b'',b'Warburtons Lighter Medium Sliced Danish White Bread 400g \xc2\xa31.00/unit 25p/100g',Bread,2021-02-28
9,36p,Daily's Medium Sliced White Bread,b'',b'',"b""Daily's Medium Sliced White Bread 800g 36p/unit 5p/100g""",Bread,2021-02-28
10,55p,Sainsbury's Toastie Thick Sliced White Bread,b'',b'',"b""Sainsbury's Toastie Thick Sliced White Bread 800g 55p/unit 7p/100g""",Bread,2021-02-28
11,85p,Warburtons Medium Sliced White Bread,b'\x00\x00\x00\x00\x00\x00 ',b'',b'Warburtons Medium Sliced White Bread 400g 85p/unit 21p/100g',Bread,2021-02-28
12,£1.00,Warburtons Soft Farmhouse Medium Sliced Bread,b'',b'',b'Warburtons Soft Farmhouse Medium Sliced Bread 400g \xc2\xa31.00/unit 25p/100g',Bread,2021-02-28
13,£1.00,Warburtons Weight Watchers Soft Medium Sliced Dani,b'\x00\x00\x00\x00\x00\x11',b'',b'Warburtons Weight Watchers Soft Medium Sliced Danish Malted Bread 400g \xc2\xa31.00/unit 25p/100g',Bread,2021-02-28
14,£1.00,Warburtons Milk Roll Soft Medium Sliced White Brea,b'',b'',b'Warburtons Milk Roll Soft Medium Sliced White Bread 400g \xc2\xa31.00/unit 25p/100g',Bread,2021-02-28
15,£1.10,Warburtons Extra Thick Sliced White Bread,b'\x00\x00\xa0\xff\x7f',b'',b'Warburtons Extra Thick Sliced White Bread 800g \xc2\xa31.10/unit 14p/100g',Bread,2021-02-28
16,£1.25,Warburtons Premium Old English White Bread,b'',b'',b'Warburtons Premium Old English White Bread 400g Only \xc2\xa31.25: Save 35p \xc2\xa31.25/unit 31p/100g',Bread,2021-02-28
17,£1.40,Kingsmill No Crusts Soft Medium Sliced White Bread,b'\x00\x0b\x00\x00\x00\n',b'',b'Kingsmill No Crusts Soft Medium Sliced White Bread 400g \xc2\xa31.40/unit 35p/100g',Bread,2021-02-28
18,£1.60,Warburtons Sliced White Rolls x,b'\x00\x00\x00\x00\x00 ',b'',b'Warburtons Sliced White Rolls x12 \xc2\xa31.60/unit 13p/ea',Bread,2021-02-28
19,£1.10,"Sainsbury's Sunflower & Pumpkin, Taste the Differe",b'',b'',"b""Sainsbury's Sunflower & Pumpkin, Taste the Difference 800g \xc2\xa31.10/unit 14p/100g""",Bread,2021-02-28
20,£1.30,Black Sheep Craft Tiger Bloomer,b'\x00\x00\x00\x00\x19',b'',b'Black Sheep Craft Tiger Bloomer 800g \xc2\xa31.30/unit 16p/100g',Bread,2021-02-28
21,£2.50,Schar White Wholesome Loaf,b'',b'',b'Schar White Wholesome Loaf 300g \xc2\xa32.50/unit 83p/100g',Bread,2021-02-28
22,£1.10,Sainsbury's White Bloomer,b'\x00\xa0\xff\x7f',b'',"b""Sainsbury's White Bloomer 800g \xc2\xa31.10/unit 14p/100g""",Bread,2021-02-28
23,£1.10,"Sainsbury's Super Seeds White Farmhouse, Taste the",b'',b'',"b""Sainsbury's Super Seeds White Farmhouse, Taste the Difference 800g \xc2\xa31.10/unit 14p/100g""",Bread,2021-02-28
24,£1.25,Warburtons Soft Tiger Bloomer,b'\x0b\x00\x00\x00\n',b'',b'Warburtons Soft Tiger Bloomer 600g \xc2\xa31.25/unit 21p/100g',Bread,2021-02-28
25,80p,Sainsbury's White Bloomer,b'\x00\x00\x00\x00 ',b'',"b""Sainsbury's White Bloomer 400g 80p/unit 20p/100g""",Bread,2021-02-28
26,£2.70,Genius Gluten Free White Toastie Bread,b'',b'',b'Genius Gluten Free White Toastie Bread 500g \xc2\xa32.70/unit 54p/100g',Bread,2021-02-28
27,£1.55,Warburtons Lancashire's Thorough Bread Medium Slic,b'\x00\x00\x00(',b'',"b""Warburtons Lancashire's Thorough Bread Medium Sliced White Bread 800g \xc2\xa31.55/unit 19p/100g""",Bread,2021-02-28
28,50p,Sainsbury's Toastie Sliced White Bread,b'',b'',"b""Sainsbury's Toastie Sliced White Bread 400g 50p/unit 13p/100g""",Bread,2021-02-28
29,£1.10,Sainsbury's Poppy Seed White Bloomer,b'\xa0\xff\x7f\x00\x00P\xf5',b'',"b""Sainsbury's Poppy Seed White Bloomer 800g \xc2\xa31.10/unit 14p/100g""",Bread,2021-02-28
30,85p,Sainsbury's Thick Soft Multiseed Farmhouse,b'\x8f8\x00\x00\x00\x00\x0f',b'',"b""Sainsbury's Thick Soft Multiseed Farmhouse 800g 85p/unit 11p/100g""",Bread,2021-02-28
31,£1.30,Black Sheep Craft White Bloomer,b'\x00\x01\x01\x0e',b'',b'Black Sheep Craft White Bloomer 800g \xc2\xa31.30/unit 16p/100g',Bread,2021-02-28
32,75p,Sainsbury's Thick Soft White Farmhouse,b'\x00\x00\x00 ',b'',"b""Sainsbury's Thick Soft White Farmhouse 800g 75p/unit 9p/100g""",Bread,2021-02-28
33,£1.10,Sainsbury's Sesame Seed White Bloomer,b'',b'',"b""Sainsbury's Sesame Seed White Bloomer 800g \xc2\xa31.10/unit 14p/100g""",Bread,2021-02-28
34,£1.10,"Sainsbury's White Farmhouse with Sourdough, Taste ",b'\x00\x00\x12\x00\x00\x00\xff',b'',"b""Sainsbury's White Farmhouse with Sourdough, Taste the Difference 800g \xc2\xa31.10/unit 14p/100g""",Bread,2021-02-28
35,£1.15,Jacksons of Yorkshire White Champion Bloomer,b'\x7f\x00\x00\x00\x00\x00 ',b'',b'Jacksons of Yorkshire White Champion Bloomer 800g Only \xc2\xa31.15: Save 35p \xc2\xa31.15/unit 15p/100g',Bread,2021-02-28
36,80p,Sainsbury's Sesame Seed White Bloomer,b'',b'',"b""Sainsbury's Sesame Seed White Bloomer 400g 80p/unit 20p/100g""",Bread,2021-02-28
37,80p,Sainsbury's Poppy Seed White Bloomer,b'',b'',"b""Sainsbury's Poppy Seed White Bloomer 400g 80p/unit 20p/100g""",Bread,2021-02-28
38,90p,Kingsmill Soft White Bread Thick,b'',b'',b'Kingsmill Soft White Bread Thick 800g 90p/unit 11p/100g',Bread,2021-02-28
39,£1.30,Black Sheep Malted Bloomer,b'\x00\x00 ',b'',b'Black Sheep Malted Bloomer 800g \xc2\xa31.30/unit 16p/100g',Bread,2021-02-28
40,£1.50,"Sainsbury's Wholemeal Sourdough Half Bloomer, Tast",b'\x90z!\xef\xff\x7f',b'',"b""Sainsbury's Wholemeal Sourdough Half Bloomer, Taste the Difference 400g \xc2\xa31.50/unit 38p/100g""",Bread,2021-02-28
41,£3.00,BFree Sliced White Loaf,b'',b'\x00\x00\x00\x00\x01',b'BFree Sliced White Loaf 400g \xc2\xa33.00/unit 75p/100g',Bread,2021-02-28
0,£3.60,Sainsbury's Chicken Breast Fillets,b'',b'',"b""Sainsbury's Chicken Breast Fillets 640g \xc2\xa33.60/unit \xc2\xa35.63/kg""",Chicken,2021-02-28
1,£4.79,Sainsbury's Chicken Breast Fillets,b'',b'',"b""Sainsbury's Chicken Breast Fillets 1kg \xc2\xa34.79/unit \xc2\xa34.79/kg""",Chicken,2021-02-28
2,£3.20,Sainsbury's Chicken Thigh Fillets,b'',b'\x00\x00\x01',"b""Sainsbury's Chicken Thigh Fillets 640g \xc2\xa33.20/unit \xc2\xa35.00/kg""",Chicken,2021-02-28
3,£1.00,Sainsbury's Chicken Breast Fillets,b'',b'',"b""Sainsbury's Chicken Breast Fillets 300g \xc2\xa31.70/unit \xc2\xa35.67/kg - Quantity + Add X-SELL \xc2\xa31.00/unit 56""",Chicken,2021-02-28
4,£2.00,Sainsbury's Chicken Kiev Garlic x,b'',b'\x00\x00\x00\x00H\x07',"b""Sainsbury's Chicken Kiev Garlic x2 260g Save 20p: Was \xc2\xa32.20 Now \xc2\xa32.00 \xc2\xa32.00/unit \xc2\xa37.69/kg""",Chicken,2021-02-28
5,£1.75,Sainsbury's British Roast Chicken Breast,b'',b'',"b""Sainsbury's British Roast Chicken Breast 135gm x7 Slices \xc2\xa31.75/unit \xc2\xa31.30/100g""",Chicken,2021-02-28
6,£3.90,Sainsbury's British Fresh Large Whole Chicken,b'',b'',"b""Sainsbury's British Fresh Large Whole Chicken 1.9kg \xc2\xa33.90/unit \xc2\xa32.05/kg""",Chicken,2021-02-28
7,£2.00,Sainsbury's Mini Chicken Breast Fillets,b'',b'',"b""Sainsbury's Mini Chicken Breast Fillets 320g \xc2\xa32.00/unit \xc2\xa36.25/kg""",Chicken,2021-02-28
8,£3.50,Sainsbury's Cooked Roast Chicken Breast Fillets x,b'',b'',"b""Sainsbury's Cooked Roast Chicken Breast Fillets x2 240g \xc2\xa33.50/unit \xc2\xa31.46/100g""",Chicken,2021-02-28
9,£1.65,Sainsbury's Chicken Thighs,b'',b'',"b""Sainsbury's Chicken Thighs 1kg \xc2\xa31.65/unit \xc2\xa31.65/kg""",Chicken,2021-02-28
10,£2.50,Sainsbury's Chargrilled Chicken Breast Slices,b'',b'\x00\x00\x11\xe0',"b""Sainsbury's Chargrilled Chicken Breast Slices 160g \xc2\xa32.50/unit \xc2\xa31.56/100g""",Chicken,2021-02-28
11,(40),Sainsbury's Free Range British Chicken Thigh Fille,b'',b'\x00\x00\x00H\r',"b""Sainsbury's Free Range British Chicken Thigh Fillets, Taste the Difference (approx.590g) \xc2\xa39.95/kg \xc2""",Chicken,2021-02-28
12,(76),"Sainsbury's Free Range British Whole Chicken, Tast",b'\x00\x00\x00\x00=\x1c\x1f',b'',"b""Sainsbury's Free Range British Whole Chicken, Taste the Difference (approx.1.7kg) \xc2\xa35.50/kg \xc2\xa35.50/k""",Chicken,2021-02-28
13,£1.00,Sainsbury's Chicken Breast Diced,b'\xea\x00\x15\x00\x80pE',b'\x00\x00\x00\x00\x00\x10X',"b""Sainsbury's Chicken Breast Diced 410g \xc2\xa32.40/unit \xc2\xa35.85/kg - Quantity + Add X-SELL \xc2\xa31.00/unit \xc2\xa34.""",Chicken,2021-02-28
14,(109),Sainsbury's Free Range British Chicken Breast Fill,b'\xef\xda\xff\x7f',b'\xba8\x00\x00\x00\x00\xed',"b""Sainsbury's Free Range British Chicken Breast Fillets, So Organic (approx.325g) \xc2\xa320.95/kg \xc2\xa32.10/10""",Chicken,2021-02-28
15,£1.00,Sainsbury's British Cooked Chicken,b'',b'\x1d\xef\xea\x00\x0b\x00\x80',"b""Sainsbury's British Cooked Chicken 115g, x10 Slices \xc2\xa31.00/unit 87p/100g""",Chicken,2021-02-28
16,£4.50,Sainsbury's Roast in the Bag Whole British Chicken,b'',b'',"b""Sainsbury's Roast in the Bag Whole British Chicken with Pork, Sage & Onion Stuffing 1.35kg \xc2\xa34.50/un""",Chicken,2021-02-28
17,£1.10,Bernard Matthews Chicken Chunks,b'',b'',b'Bernard Matthews Chicken Chunks 90g \xc2\xa31.10/unit \xc2\xa31.22/100g',Chicken,2021-02-28
18,£2.00,Sainsbury's Roast Sliced Chicken Breast,b'\x00\x00\x01\x00\x00\x00\x01',b'',"b""Sainsbury's Roast Sliced Chicken Breast 160g \xc2\xa32.00/unit \xc2\xa31.25/100g""",Chicken,2021-02-28
19,£1.35,Sainsbury's Chicken Drumsticks,b'',b'',"b""Sainsbury's Chicken Drumsticks 1kg \xc2\xa31.35/unit \xc2\xa31.35/kg""",Chicken,2021-02-28
20,£2.20,Sainsbury's Ham & Cheese Chicken Kiev x,b'\x00\x00\x00\x00\xff\xff\xff',b'',"b""Sainsbury's Ham & Cheese Chicken Kiev x2 260g \xc2\xa32.20/unit \xc2\xa38.46/kg""",Chicken,2021-02-28
21,£3.30,Sainsbury's British Fresh Medium Whole Chicken,b'\xff\x00\x00\x00\x00P\xce',b'',"b""Sainsbury's British Fresh Medium Whole Chicken 1.6kg \xc2\xa33.30/unit \xc2\xa32.06/kg""",Chicken,2021-02-28
22,(71),"Sainsbury's Free Range Chicken Breast Fillets, Tas",b'\xc08',b'',"b""Sainsbury's Free Range Chicken Breast Fillets, Taste the Difference x2 (approx. 310g) \xc2\xa315.85/kg \xc2\xa31""",Chicken,2021-02-28
23,£1.85,Sainsbury's Chicken Thigh Fillets,b'',b'',"b""Sainsbury's Chicken Thigh Fillets 320g \xc2\xa31.85/unit \xc2\xa35.78/kg""",Chicken,2021-02-28
24,£5.75,Sainsbury's British Roast Boneless Chicken Breasts,b'',b'',"b""Sainsbury's British Roast Boneless Chicken Breasts x4 480g \xc2\xa35.75/unit \xc2\xa31.20/100g""",Chicken,2021-02-28
25,£1.60,Sainsbury's Breaded Chicken Goujons,b'',b'',"b""Sainsbury's Breaded Chicken Goujons 270g \xc2\xa31.60/unit \xc2\xa35.93/kg""",Chicken,2021-02-28
26,£1.00,Sainsbury's Mini Chicken Breast Fillets,b'',b'',"b""Sainsbury's Mini Chicken Breast Fillets 640g \xc2\xa33.40/unit \xc2\xa35.31/kg - Quantity + Add X-SELL \xc2\xa31.00/un""",Chicken,2021-02-28
27,£2.20,Sainsbury's British Wafer Thin Cooked Chicken,b'',b'',"b""Sainsbury's British Wafer Thin Cooked Chicken 400g \xc2\xa32.20/unit 55p/100g""",Chicken,2021-02-28
28,£3.25,Sainsbury's Just Cook British Chicken Crown with G,b'',b'',"b""Sainsbury's Just Cook British Chicken Crown with Garlic & Herb Butter 525g (Serves 3) Save 50p: Was """,Chicken,2021-02-28
29,(71),Sainsbury's Free Range British Chicken Breast Fill,b'\x00\x00\x00\x00\x00\xc0e',b'',"b""Sainsbury's Free Range British Chicken Breast Fillets, Taste the Difference (approx.590g) \xc2\xa315.20/kg""",Chicken,2021-02-28
30,£2.20,"Sainsbury's Garlic & Herb Chicken Kiev, Be Good To",b'\xba8\x00\x00\x00\x00\x05',b'',"b""Sainsbury's Garlic & Herb Chicken Kiev, Be Good To Yourself x2 260g \xc2\xa32.20/unit \xc2\xa38.46/kg""",Chicken,2021-02-28
31,£2.75,"Sainsbury's Roast Chicken Stuffing Topped, Taste t",b'\x1c\x07\xea\x00\x16\x00\x80',b'',"b""Sainsbury's Roast Chicken Stuffing Topped, Taste the Difference 135g \xc2\xa32.75/unit \xc2\xa32.04/100g""",Chicken,2021-02-28
32,£1.49,Sainsbury's Chicken Wings,b'',b'',"b""Sainsbury's Chicken Wings 1kg \xc2\xa31.49/unit \xc2\xa31.49/kg""",Chicken,2021-02-28
33,£3.50,Sainsbury's Garlic Chicken Breast Fillet Kievs,b'',b'\x00\xf5\x1d\xd7\xea\x00\x0c',"b""Sainsbury's Garlic Chicken Breast Fillet Kievs 390g \xc2\xa33.50/unit \xc2\xa38.97/kg""",Chicken,2021-02-28
34,£2.00,Sainsbury's BBQ Sliced Chicken Breast,b'',b'\x00\x801\x0b0\t\x06',"b""Sainsbury's BBQ Sliced Chicken Breast 160g Save 50p: Was \xc2\xa32.50 Now \xc2\xa32.00 \xc2\xa32.00/unit \xc2\xa31.25/100g""",Chicken,2021-02-28
35,(40),Sainsbury's Corn Fed Whole British Chicken (approx,b'',b'\x03U\x04\x06\x0c\x02i',"b""Sainsbury's Corn Fed Whole British Chicken (approx.1.55kg) \xc2\xa34.00/kg \xc2\xa34.00/kg Price shown is the ma""",Chicken,2021-02-28
36,£3.25,Sainsbury's Just Cook Chicken Breast Joint Butter ,b'',b'n1\x130\x11\x06\x03',"b""Sainsbury's Just Cook Chicken Breast Joint Butter Basted 500g (Serves 3) Save 50p: Was \xc2\xa33.75 Now \xc2\xa3""",Chicken,2021-02-28
37,£3.20,Sainsbury's Breaded Chicken Goujons,b'',b'U\x04\x0b\x0c\nem',"b""Sainsbury's Breaded Chicken Goujons 540g \xc2\xa33.20/unit \xc2\xa35.93/kg""",Chicken,2021-02-28
38,£2.50,Sainsbury's Southern Fried Chicken Breast Mini Fil,b'',b'sign pk',"b""Sainsbury's Southern Fried Chicken Breast Mini Fillets 300g \xc2\xa32.50/unit \xc2\xa38.20/kg""",Chicken,2021-02-28
39,(42),Sainsbury's Free Range Whole Fresh British Chicken,b'',b'i1%0#\x06\x03',"b""Sainsbury's Free Range Whole Fresh British Chicken, So Organic (approx.1.7kg) \xc2\xa37.45/kg \xc2\xa37.45/kg Pr""",Chicken,2021-02-28
40,£2.50,Sainsbury's Sweet Chilli Sliced Chicken Breast,b'',b'U\x04\n\x0c\x1cem',"b""Sainsbury's Sweet Chilli Sliced Chicken Breast 160g \xc2\xa32.50/unit \xc2\xa31.56/100g""",Chicken,2021-02-28
41,£2.50,Sainsbury's Tikka Sliced Chicken Breast,b'',b'udhra t',"b""Sainsbury's Tikka Sliced Chicken Breast 160g \xc2\xa32.50/unit \xc2\xa31.56/100g""",Chicken,2021-02-28
42,£2.00,Sainsbury's British Fresh Small Whole Chicken,b'',b'echnolo',"b""Sainsbury's British Fresh Small Whole Chicken 1.3kg \xc2\xa32.80/unit \xc2\xa32.07/kg - Quantity + Add X-SELL \xc2\xa3""",Chicken,2021-02-28
43,£4.45,Sainsbury's Roast in the Bag British Chicken Crown,b'',b'gies li',"b""Sainsbury's Roast in the Bag British Chicken Crown with Lemon, Garlic & Thyme 700g \xc2\xa34.45/unit \xc2\xa36.3""",Chicken,2021-02-28
44,£4.50,Sainsbury's Roast in the Bag Garlic & Parsley Bast,b'',b'mited1 ',"b""Sainsbury's Roast in the Bag Garlic & Parsley Basted Whole British Chicken, Garlic & Parsley Basted """,Chicken,2021-02-28
45,£4.00,Sainsbury's Chargrilled Chicken Breast Slices,b'',b'0\x1e\x06\x03U\x04\x03',"b""Sainsbury's Chargrilled Chicken Breast Slices 300g \xc2\xa34.00/unit \xc2\xa31.33/100g""",Chicken,2021-02-28
46,£1.75,Sainsbury's British Roast Chicken & Stuffing,b'',b'\x0c\x17emsig',"b""Sainsbury's British Roast Chicken & Stuffing 100g, x4 Slices \xc2\xa31.75/unit \xc2\xa31.75/100g""",Chicken,2021-02-28
47,£3.00,Sainsbury's Southern Fried Breaded Chicken Breast ,b'',b'n ecc r',"b""Sainsbury's Southern Fried Breaded Chicken Breast Fillets x2 315g \xc2\xa33.00/unit \xc2\xa39.52/kg""",Chicken,2021-02-28
48,60p,Sainsbury's British Wafer Thin Cooked Chicken,b'',b'oot ca ',"b""Sainsbury's British Wafer Thin Cooked Chicken 70g 60p/unit 86p/100g""",Chicken,2021-02-28
49,£2.50,Sainsbury's Breaded Chicken Breast Fillets x,b'\x00\r\x1c\x0f\xea\x00\x17',b'- g3',"b""Sainsbury's Breaded Chicken Breast Fillets x2 350g Save 50p: Was \xc2\xa33.00 Now \xc2\xa32.50 \xc2\xa32.50/unit \xc2\xa37.1""",Chicken,2021-02-28
50,£3.00,Sainsbury's Roast Chicken Thighs,b'\x00\x80',b'',"b""Sainsbury's Roast Chicken Thighs 500g \xc2\xa33.00/unit 60p/100g""",Chicken,2021-02-28
51,£7.50,Sainsbury's Chicken Breast Fillets,b'',b'\x00\x00\x00\xfd\x1d\xdf\xea',"b""Sainsbury's Chicken Breast Fillets 1.6kg \xc2\xa37.50/unit \xc2\xa34.69/kg""",Chicken,2021-02-28
52,£2.85,Sainsbury's British Fresh Quick Cook Chicken Breas,b'',b'\x00\r\x00\x801\x0b0',"b""Sainsbury's British Fresh Quick Cook Chicken Breast Sizzler Steaks 500g \xc2\xa32.85/unit \xc2\xa35.70/kg""",Chicken,2021-02-28
53,(15),Sainsbury's Free Range British Chicken Thigh & Dru,b'',b'\t\x06\x03U\x04\x06\x0c',"b""Sainsbury's Free Range British Chicken Thigh & Drumsticks, Taste the Difference (approx.590g) \xc2\xa36.95""",Chicken,2021-02-28
54,£1.00,Sainsbury's British Fresh Chicken Liver,b'',b'\x02hk1\x120\x10',"b""Sainsbury's British Fresh Chicken Liver 400g \xc2\xa31.00/unit \xc2\xa32.50/kg""",Chicken,2021-02-28
55,(19),"Sainsbury's Free Range Chicken Thigh Fillets, SO O",b'',b'\x06\x03U\x04\x08\x0c\t',"b""Sainsbury's Free Range Chicken Thigh Fillets, SO Organic (approx. 360g) \xc2\xa318.75/kg \xc2\xa318.75/kg""",Chicken,2021-02-28
56,£2.90,Sainsbury's Steamed Cooked Chicken Breast Fillets ,b'',b'hong ko',"b""Sainsbury's Steamed Cooked Chicken Breast Fillets x2 200g \xc2\xa32.90/unit \xc2\xa31.45/100g""",Chicken,2021-02-28
57,£2.50,Sainsbury's Breaded Mini Chicken Breast Fillets,b'',b'ng1\x120\x10\x06',"b""Sainsbury's Breaded Mini Chicken Breast Fillets 305g \xc2\xa32.50/unit \xc2\xa38.20/kg""",Chicken,2021-02-28
58,£5.00,Sainsbury's Roast Whole Cooked Chicken (approx.,b'',b'\x03U\x04\x07\x0c\th',"b""Sainsbury's Roast Whole Cooked Chicken (approx. 1kg) \xc2\xa35.00/unit 50p/100g""",Chicken,2021-02-28
59,£2.95,Sainsbury's British Cajun Chicken Breast Grills x,b'',b'ong kon',"b""Sainsbury's British Cajun Chicken Breast Grills x2 310g \xc2\xa32.95/unit \xc2\xa39.52/kg""",Chicken,2021-02-28
0,£2.00,Sainsbury's Fairtrade Bananas Loose,b'1\x0b0\t\x06\x03U',b'',"b""Sainsbury's Fairtrade Bananas Loose 73p/kg 73p/kg Purchase by: items kg - Quantity + Add X-SELL \xc2\xa32.""",Banana-Grape,2021-02-28
1,£1.10,Sainsbury's Fairtrade Bananas x,b'\x04\x06\x0c\x02us1',b'',"b""Sainsbury's Fairtrade Bananas x5 69p/unit 14p/ea - Quantity + Add X-SELL \xc2\xa31.10/unit 14p/ea""",Banana-Grape,2021-02-28
2,£1.75,Sainsbury's Red Seedless Grapes,b'\x160\x14\x06\x03U\x04',b'',"b""Sainsbury's Red Seedless Grapes 500g \xc2\xa32.00/unit \xc2\xa34.00/kg - Quantity + Add X-SELL \xc2\xa31.75/unit \xc2\xa34.3""",Banana-Grape,2021-02-28
3,£1.10,Sainsbury's Fairtrade Bananas x,b'\n\x0c\rgeot',b'',"b""Sainsbury's Fairtrade Bananas x8 \xc2\xa31.10/unit 14p/ea""",Banana-Grape,2021-02-28
4,£2.00,Sainsbury's White Seedless Grapes,b'rust in',b'',"b""Sainsbury's White Seedless Grapes 500g \xc2\xa32.00/unit \xc2\xa34.00/kg""",Banana-Grape,2021-02-28
5,£1.05,"Sainsbury's Small Bananas, Fairtrade x",b'c.1907\x06',b'',"b""Sainsbury's Small Bananas, Fairtrade x8 \xc2\xa31.05/unit 13p/ea""",Banana-Grape,2021-02-28
6,£1.75,Sainsbury's Red & White Seedless Grapes,b'\x03U\x04\x0b\x0c0(',b'',"b""Sainsbury's Red & White Seedless Grapes 500g Save 25p: Was \xc2\xa32.00 Now \xc2\xa31.75 \xc2\xa31.75/unit \xc2\xa33.50/kg""",Banana-Grape,2021-02-28
7,£2.00,Sainsbury's Black Seedless Grapes,b'c) 2007',b'',"b""Sainsbury's Black Seedless Grapes 500g \xc2\xa32.00/unit \xc2\xa34.00/kg""",Banana-Grape,2021-02-28
8,£1.75,"Sainsbury's Black Sable Seedless Grapes, Taste the",b' geotru',b'',"b""Sainsbury's Black Sable Seedless Grapes, Taste the Difference 400g Save 75p: Was \xc2\xa32.50 Now \xc2\xa31.75 \xc2""",Banana-Grape,2021-02-28
9,£1.35,"Sainsbury's Fairtrade Bananas, SO Organic x",b'st inc.',b'',"b""Sainsbury's Fairtrade Bananas, SO Organic x6 \xc2\xa31.35/unit 23p/ea""",Banana-Grape,2021-02-28
10,£2.50,"Sainsbury's Grapes (Red or Black), SO Organic",b' - for ',b'',"b""Sainsbury's Grapes (Red or Black), SO Organic 400g \xc2\xa32.50/unit \xc2\xa36.25/kg""",Banana-Grape,2021-02-28
11,£2.25,"Sainsbury's White Grapes, SO Organic",b'authori',b'',"b""Sainsbury's White Grapes, SO Organic 400g Save 75p: Was \xc2\xa33.00 Now \xc2\xa32.25 \xc2\xa32.25/unit \xc2\xa35.63/kg""",Banana-Grape,2021-02-28
12,£1.25,Sainsbury's Red Grapes,b'zed use',b'',"b""Sainsbury's Red Grapes 300g \xc2\xa31.25/unit \xc2\xa34.17/ea""",Banana-Grape,2021-02-28
13,£3.50,Sainsbury's Mixed Grapes,b' only16',b'',"b""Sainsbury's Mixed Grapes 900g \xc2\xa33.50/unit 39p/100g""",Banana-Grape,2021-02-28
14,£1.25,Sainsbury's White Grapes,b'04\x06\x03U\x04\x03',b'',"b""Sainsbury's White Grapes 300g \xc2\xa31.25/unit \xc2\xa34.17/kg""",Banana-Grape,2021-02-28
15,£2.50,"Sainsbury's Cotton Candy Seedless Grapes, Taste th",b'\x0c-geotr',b'',"b""Sainsbury's Cotton Candy Seedless Grapes, Taste the Difference, Ltd Edition 400g \xc2\xa32.50/unit \xc2\xa36.25/""",Banana-Grape,2021-02-28
16,£2.50,"Sainsbury's Vitoria Grape, Taste the Difference",b'ust pri',b'',"b""Sainsbury's Vitoria Grape, Taste the Difference 400g \xc2\xa32.50/unit \xc2\xa36.25/kg""",Banana-Grape,2021-02-28
17,£2.50,Sainsbury's Seeded Grapes,b'mary ce',b'',"b""Sainsbury's Seeded Grapes 700g \xc2\xa32.50/unit \xc2\xa33.57/kg""",Banana-Grape,2021-02-28
18,£1.75,Imperfectly Tasty Grapes,b'rtifica',b'',b'Imperfectly Tasty Grapes 500g \xc2\xa31.06/unit \xc2\xa32.12/kg - Quantity + Add X-SELL \xc2\xa31.75/unit \xc2\xa34.38/kg',Banana-Grape,2021-02-28
19,£2.00,"Sainsbury's Grapes, Limited Edition Taste the Diff",b'tion au',b'',"b""Sainsbury's Grapes, Limited Edition Taste the Difference 400g \xc2\xa32.00/unit \xc2\xa35.00/kg""",Banana-Grape,2021-02-28
0,30p,Sainsbury's Lemons,b'',b'',"b""Sainsbury's Lemons 30p/unit 30p/ea""",Citrus,2021-02-28
1,£1.85,"Sainsbury's Easy Peelers, Taste the Difference",b'\x00\x10h\xfb\xda\xff\x7f',b'\x00\x10h\xfb\xda\xff\x7f',"b""Sainsbury's Easy Peelers, Taste the Difference 600g \xc2\xa31.85/unit \xc2\xa33.08/kg""",Citrus,2021-02-28
2,£1.00,Sainsbury's Easy Peelers,b'',b'',"b""Sainsbury's Easy Peelers 600g Only \xc2\xa31.00: Save 35p \xc2\xa31.00/unit \xc2\xa31.67/kg""",Citrus,2021-02-28
3,19p,Sainsbury's Limes,b'\x00\x00\x00\x90.\xf48',b'\x00\x00\x00p+\xf48',"b""Sainsbury's Limes 19p/unit 19p/ea""",Citrus,2021-02-28
4,30p,Sainsbury's Oranges,b'\x00\x00\x00\x0004\xf4',"b""\x00\x00\x00\x00p'\xf4""","b""Sainsbury's Oranges 30p/unit 30p/ea""",Citrus,2021-02-28
5,(36),Sainsbury's Easy Peeler Loose £,b'8',b'8',"b""Sainsbury's Easy Peeler Loose \xc2\xa31.95/kg \xc2\xa31.95/kg Purchase by: items kg""",Citrus,2021-02-28
6,£4.90,Sainsbury's Lemons Unwaxed minimum,b'',b'',"b""Sainsbury's Lemons Unwaxed minimum 5 Save 50p: Was \xc2\xa31.50 Now \xc2\xa31.00 \xc2\xa31.00/unit 20p/ea - Quantity +""",Citrus,2021-02-28
7,60p,Sainsbury's Red Grapefruit,b'',b'',"b""Sainsbury's Red Grapefruit 60p/unit 60p/ea""",Citrus,2021-02-28
8,£1.50,Sainsbury's Oranges Large x,b'',b'',"b""Sainsbury's Oranges Large x4 Only \xc2\xa31.50: Save 35p \xc2\xa31.50/unit 37p/ea""",Citrus,2021-02-28
9,£2.00,"Sainsbury's Oranges, Taste the Difference x",b'',b'',"b""Sainsbury's Oranges, Taste the Difference x4 \xc2\xa32.00/unit 50p/ea""",Citrus,2021-02-28
10,95p,Sainsbury's Limes x,b'',b'',"b""Sainsbury's Limes x5 95p/unit 19p/ea""",Citrus,2021-02-28
11,£2.90,"Sainsbury's Easy Peelers Box, Taste the Difference",b'',b'',"b""Sainsbury's Easy Peelers Box, Taste the Difference 1kg \xc2\xa32.90/unit \xc2\xa32.90/kg""",Citrus,2021-02-28
12,£1.65,"Sainsbury's Lemons Unwaxed, SO Organic x",b'',b'',"b""Sainsbury's Lemons Unwaxed, SO Organic x3 \xc2\xa31.65/unit 55p/ea""",Citrus,2021-02-28
13,£1.35,Sainsbury's Tangerines,b'',b'',"b""Sainsbury's Tangerines 600g \xc2\xa31.35/unit \xc2\xa32.25/kg""",Citrus,2021-02-28
14,65p,Floridian Pink Grapefruit,b'',b'',b'Floridian Pink Grapefruit 65p/unit 65p/ea',Citrus,2021-02-28
15,60p,Sainsbury's White Grapefruit,b'',b'',"b""Sainsbury's White Grapefruit 60p/unit 60p/ea""",Citrus,2021-02-28
16,£1.95,Sainsbury's Family Size Easy Peelers,b'\x00\x00\x00\x00\x06',b'\x00\x00\x00\x00\x06',"b""Sainsbury's Family Size Easy Peelers 1kg \xc2\xa31.95/unit \xc2\xa31.95/kg""",Citrus,2021-02-28
17,£1.65,"Sainsbury's Oranges, SO Organic x",b'',b'',"b""Sainsbury's Oranges, SO Organic x4 \xc2\xa31.65/unit 41p/ea""",Citrus,2021-02-28
18,£1.75,Sainsbury's Blood Oranges Min x,b'',b'',"b""Sainsbury's Blood Oranges Min x5 \xc2\xa31.75/unit 35p/ea""",Citrus,2021-02-28
19,£1.85,"Sainsbury's Easy Peelers, SO Organic x",b'',b'',"b""Sainsbury's Easy Peelers, SO Organic x4 \xc2\xa31.85/unit \xc2\xa31.85/ea""",Citrus,2021-02-28
20,£1.85,"Sainsbury's Easy Peeler With Leaves, Taste the Dif",b'',b'',"b""Sainsbury's Easy Peeler With Leaves, Taste the Difference 500g \xc2\xa31.85/unit \xc2\xa33.70/kg""",Citrus,2021-02-28
21,£3.00,Sainsbury's Seville Marmalade Oranges,b'',b'',"b""Sainsbury's Seville Marmalade Oranges 1.5kg \xc2\xa33.00/unit \xc2\xa32.00/kg""",Citrus,2021-02-28
22,£1.65,Imperfectly Tasty Oranges x,b'',b'',b'Imperfectly Tasty Oranges x5 69p/unit 14p/ea - Quantity + Add X-SELL \xc2\xa31.65/unit 41p/ea',Citrus,2021-02-28
23,£2.90,Imperfectly Tasty Mini Easy Peelers,b'',b'',b'Imperfectly Tasty Mini Easy Peelers 600g 69p/unit 69p/ea - Quantity + Add X-SELL \xc2\xa32.90/unit \xc2\xa32.90/',Citrus,2021-02-28
24,£1.65,Imperfectly Tasty Lemons x,b'\xc0q\xf88',b'\x90e\xf88',b'Imperfectly Tasty Lemons x5 68p/unit 68p/ea - Quantity + Add X-SELL \xc2\xa31.65/unit 55p/ea',Citrus,2021-02-28
